<?xml version="1.0" encoding="UTF-8"?>
<!DOCTYPE hibernate-configuration PUBLIC "-//Hibernate/Hibernate Configuration DTD 3.0//EN"
                                         "http://www.hibernate.org/dtd/hibernate-configuration-3.0.dtd">
<hibernate-configuration>
 <session-factory name="">
  <property name="hibernate.connection.driver_class">com.mysql.cj.jdbc.Driver</property>
  <property name="hibernate.connection.url">jdbc:mysql://localhost:3306/medical</property>
  <property name="hibernate.connection.username">root</property>
  <property name="hibernate.dialect">org.hibernate.dialect.MySQLInnoDBDialect</property>
  <property name="hibernate.show_sql">true</property>
  <property name="hibernate.use_sql_comments">true</property>
  <property name="hibernate.format_sql">true</property>
  <property name="hibernate.hbm2ddl.auto">create</property>
  <mapping class="medical.m2i.model.Ville"/>
  <mapping class="medical.m2i.model.Patient"/>
 </session-factory>
</hibernate-configuration>
